first_name,street
Nadya,9 Maple Wood
Cesar,14138 Scofield
Budd,89393 Anniversary
Druci,07 Basil
Sena,797 Alpine
Sutherland,68463 Sage
Erhard,5 Anzinger
Pattie,15052 Cherokee
Levon,584 Roth
Lanni,79174 Westend
Geoffrey,8 Graceland
Dulciana,7 Hanover
Kurtis,0575 Dryden
Jareb,9285 Macpherson
Marlie,04583 Heffernan
Ruddy,24632 Sycamore
Artemus,0 Mifflin
Tim,28715 Dorton
Anita,44 Nelson
Alleyn,3180 Shelley
Mildred,03496 Rutledge
Ira,95 Carey
Greg,81 Becker
Rafe,0948 Anniversary
Haley,45 Goodland
Yule,317 Oakridge
Johnette,85 Sunbrook
Glennis,743 Fairfield
Vail,7091 Hanover
Pepe,7484 Superior
Lonnard,97 Thackeray
Merilyn,5760 Service
Willem,95099 Dryden
Anitra,5 Sunbrook
Billie,27 Gateway
Leshia,672 Sunnyside
Linnell,770 Jenna
Onida,8 Kropf
Gradeigh,219 Twin Pines
Garey,4 Sherman
Lisha,890 Prairieview
Caralie,4 Saint Paul
Maren,92087 Graceland
Melba,52930 Marquette
Tabbatha,1114 Oakridge
Nickie,09 Lawn
Virgie,49 Sheridan
Marylin,0678 Fremont
Patin,6876 Park Meadow
Estele,3 Eagle Crest
Humfrid,21822 Ridge Oak
Julee,1 Kim
Gerta,3 Judy
Manda,189 Blackbird
Vince,31122 Annamark
Vallie,92 Victoria
Hewett,4 Corben
Florie,68812 Eastlawn
Vic,32 Tennessee
Kristo,207 Hoffman
Stanley,4983 Northport
Baily,7214 Judy
Basia,505 Bartelt
Giacomo,6873 Summit
Milena,57931 Raven
Claybourne,27 Gulseth
Claudie,0469 Muir
Terrance,74 Transport
Trudie,8787 Alpine
Harwell,46779 Toban
Johnathon,348 Golf Course
Charmion,331 Westridge
Helsa,7 Gateway
Karrie,8 Muir
Elianore,8425 Texas
Kirsten,1 Mandrake
Bev,996 Debs
Dalis,886 Amoth
Lorianne,41037 Melvin
Daryle,7 Stuart
Derrek,897 Fair Oaks
Clarine,219 Charing Cross
Irwin,85 New Castle
Huey,05 Ridgeway
Cyril,011 Green Ridge
Reginauld,8412 Arrowood
Veda,7 Northridge
Elizabet,4 Everett
Reube,23440 Columbus
Simon,516 Independence
Roscoe,2 Green Ridge
Hersh,965 Warbler
Lucienne,6670 Sunnyside
Rayshell,11 Hoepker
Cosme,51 Ridge Oak
Janelle,2692 Mendota
Nari,307 Pennsylvania
Kevin,60 Hollow Ridge
Virgina,61 Pond
Archibaldo,3 Fordem
Clerkclaude,4482 Di Loreto
Katine,80190 Londonderry
Stevy,73 Erie
Yank,13394 Nevada
Lolita,54238 Main
Floria,9 Bay
Di,97988 Ryan
Arielle,937 Eagle Crest
Lesli,8081 Bunker Hill
Sophie,0 Vahlen
Dimitry,8 Spenser
Jone,76027 Clyde Gallagher
Corene,7 Pleasure
Celeste,2816 Sundown
Carroll,045 Donald
Derril,41 Straubel
Nada,5 Tennessee
Stacy,17 Melody
Sharon,0 Sheridan
Allix,59489 Mesta
Fairfax,4702 Farwell
Olenka,9 Memorial
Christoforo,931 Carey
Larry,2 Cambridge
Amelita,42212 Clyde Gallagher
Devon,31 Buena Vista
Rafaelita,529 Saint Paul
Barthel,122 Luster
Rey,400 Hallows
Meir,43978 Clyde Gallagher
Jennilee,8007 Emmet
Tobey,2919 Oakridge
Raleigh,55 Coolidge
Rodd,2 Bobwhite
Coretta,205 Cascade
Jena,78 Buena Vista
Lorraine,707 Oak
Cozmo,4 Maywood
Kattie,60430 Katie
Eddie,1615 Southridge
Wilhelmine,321 Thierer
Merle,80 Brickson Park
Nikola,1121 Buell
Emery,7001 Buell
Beau,028 Charing Cross
Maisie,7 Shoshone
Zerk,0 Fordem
Rae,1 Parkside
Waldo,77 Summerview
Tybalt,372 Dayton
Leta,4 Burrows
Gaspard,5 Kingsford
Thorvald,40272 Schurz
Stillman,21007 Erie
Gennie,982 Sutteridge
Glenn,8556 Memorial
Sandi,60 Loeprich
Gerti,2272 Evergreen
Osbert,49143 Kedzie
Afton,02671 Arkansas
Remy,75 Granby
Regan,64 Hudson
Dredi,261 West
Eugenius,15 Saint Paul
Roman,7 Summit
Aimee,6859 Corscot
Marylou,0931 Drewry
Arluene,633 Parkside
Clem,470 Chinook
Jade,5 Sherman
Chrisy,7 Ridgeview
Leah,7 Longview
Mareah,6593 Loeprich
Brooks,48938 Ryan
Miguel,673 Roxbury
Isador,7 Saint Paul
Leonore,7562 Florence
Alic,9300 Porter
Shannah,71 Loftsgordon
Genia,36887 Northfield
Nicoline,07289 Delaware
Lurline,38 Luster
Timmi,23 Division
Nigel,8116 Surrey
Constantin,868 Canary
Benni,6 Hermina
Pammy,45 Elgar
Lief,2732 Miller
Almira,3 Oak
Ursula,79 Transport
Cristabel,84 Farmco
Salomone,1376 Vidon
Janette,51937 Ohio
Wallis,64273 Spohn
Lorne,5453 Manley
Jess,407 Prentice
Mariska,76015 American Ash
Katharina,4 Delladonna
Agretha,4306 Dakota
Dallas,352 Atwood
Vivien,46 Paget
Tiebold,510 Acker
Gherardo,512 Ludington
Roma,53 Debra
Norrie,08570 Fair Oaks
Gradey,1 Debs
Lauryn,09 Kensington
Garvin,676 Melvin
Berky,3 Londonderry
Valencia,72363 Randy
Curtice,3 Oriole
Patrizio,3 Prairieview
Cole,872 Bluejay
Edeline,7946 Valley Edge
Essie,3108 Schmedeman
Lisle,576 High Crossing
Tomasina,362 Fuller
Karissa,115 Utah
Gwyneth,4 Upham
Paxon,82 Holmberg
Noemi,42 Harbort
Pennie,8084 Hauk
Eva,599 Blackbird
Susannah,071 Homewood
Gottfried,48294 Menomonie
Conan,835 Shasta
Eugine,9 Village
Eleen,2 Hollow Ridge
Peterus,20 Dapin
Chelsey,3447 South
Fern,51204 Di Loreto
Stacee,266 Badeau
Ferrel,1 Sutteridge
Richardo,088 Wayridge
Berrie,327 Thierer
Merwyn,63 Luster
Constanta,06 Myrtle
Lucienne,3331 Grim
Rube,70 Redwing
Clint,12321 Oak Valley
Reynard,8 Butterfield
Callie,34 Bultman
Rudie,76 Calypso
Gibby,4 Sunbrook
Agustin,88 Sherman
Roxanne,89003 Golf View
Windham,445 Luster
Hinda,279 Merchant
Russ,22 Dottie
Ileane,80 Oneill
Linn,89 Northview
Karen,630 Linden
Rodger,421 Valley Edge
Basile,52353 Kropf
Roxane,787 Tennessee
Ivy,245 Kings
Huntington,232 Clemons
Henrie,743 Corben
Morganica,60557 Beilfuss
Berry,1 Eliot
Nana,08507 South
Lizzy,2 Waubesa
Carce,1 Golf
Anetta,014 American
Daloris,8721 Armistice
Christiane,61908 Magdeline
Ruby,41 Everett
Vasilis,052 Dennis
Alair,4194 Acker
Sonja,74 Pierstorff
Quentin,57 Goodland
Klarrisa,98 Trailsway
Franciska,281 Westerfield
Aleksandr,2 Pepper Wood
Celeste,4 Fair Oaks
Felicdad,25 Cascade
Tonnie,7614 Dunning
Ricca,3340 Clyde Gallagher
Dyana,26212 Oriole
Silva,9142 Pepper Wood
Laurena,6768 Stoughton
Frederic,57843 Bay
Jarrad,43 Summerview
Sauveur,39895 Kipling
Jareb,8 Nancy
Leland,1099 Northridge
Annamarie,80831 Glendale
Arte,44 Logan
Coretta,25642 Sutteridge
Chelsy,71750 Upham
Burk,1345 Granby
Dion,2402 Pepper Wood
Charis,6776 Coleman
Osmund,49 Sunnyside
Hernando,9 Luster
Pedro,2444 Hollow Ridge
Patton,62661 Prairie Rose
Shalom,0 Messerschmidt
Lawry,282 Forest
Heath,86129 Katie
Marlyn,1290 Bayside
Reggy,11148 Amoth
Dukie,67587 Loftsgordon
Madlin,19 Lakeland
Phelia,987 Clyde Gallagher
Bobbette,913 Ryan
Shena,0034 Declaration
Stacia,374 Roxbury
Tabby,12 Prentice
Winna,29946 Bowman
Geralda,0412 Village
Margaretta,13007 Thackeray
Briny,7537 Logan
Sherm,15 Village Green
Kelcy,4145 Roxbury
Bobbi,07 Moulton
Carleton,826 Vidon
Nealson,77497 Hanover
Etty,5705 Badeau
Carlene,6752 Pawling
Shepperd,254 Pleasure
Haily,1070 Maryland
Ellerey,47 Fordem
Chastity,70 Westport
Marchelle,43 Bay
Deb,426 Darwin
Catlaina,1 Coleman
Thane,7 Dennis
Dallas,573 Summerview
Ulick,561 Hansons
Alix,0125 Corry
Debee,25 Sundown
Jackelyn,2753 Longview
Cordy,6605 Sycamore
Maria,544 Fairview
Thomasin,0 Grasskamp
Mallorie,8 Spaight
Isidore,6 Warbler
Horatio,89 Northwestern
Germain,53 Iowa
Danya,951 2nd
Annecorinne,899 Forest
Bear,247 American
Clio,75 Kenwood
Hugo,54728 Meadow Ridge
Kirbie,6 Artisan
Ertha,49914 Erie
Frank,542 Lake View
Normand,9676 Schmedeman
Pembroke,30 Mallory
Merla,271 Graedel
Raynor,41736 Summer Ridge
Barclay,8 Shoshone
Willette,110 Golf Course
Hi,0198 Dawn
Yvette,1 Chinook
Rafe,90526 Amoth
Hilary,56 Butternut
Lacy,01780 Londonderry
Roderick,530 Granby
Calley,27 Eagle Crest
Amory,93563 Crescent Oaks
Blinnie,95 Sullivan
Mattias,3890 Pearson
Phillis,3989 Burrows
Corrie,13 Lighthouse Bay
Rudolph,36590 Warbler
Quincy,6 Hooker
Drucill,4209 3rd
Carolan,785 Nelson
Benn,047 7th
Alma,5 Havey
Burgess,9 Red Cloud
Korry,603 Heffernan
Ricard,683 Sunbrook
Christoph,0657 Fallview
Wang,217 Barby
Hephzibah,334 Bunting
Rochella,82230 Vidon
Katina,1 Briar Crest
Danie,07 Summerview
Doro,59 Arizona
Gaven,054 Fuller
Tymon,85655 Saint Paul
Igor,8 Miller
Kippy,196 Golden Leaf
Greer,95 Almo
Raynard,7 Summer Ridge
Whit,1 High Crossing
Mariette,55 Northport
Bevin,31 Westridge
Freeland,8871 Melby
Ethelind,1 Briar Crest
Leshia,24676 Nobel
Chariot,75783 Lyons
Corbett,489 David
Curry,25606 Carpenter
Lacie,93821 Rockefeller
Joli,895 Milwaukee
Donalt,9521 Chive
Erina,39 Brentwood
Tyrus,30390 Hoepker
Sashenka,7104 Helena
Stanislas,56999 Comanche
Ruth,5 Ilene
Mari,9 Sugar
Pammy,82740 Center
Lorraine,74573 Becker
Hobie,8074 Fordem
Sean,53454 Burning Wood
Leena,65361 Artisan
Enrica,90 Orin
Lydie,87367 Grayhawk
Skippy,76 Northland
Gaylord,6314 Waubesa
Currey,4535 2nd
Glenden,54934 Fuller
Staci,0 Lunder
Adeline,27811 Oakridge
Ichabod,469 Burning Wood
Katharina,2 Scott
Waiter,4 Brickson Park
Bartie,45973 Havey
Padget,680 Blaine
Ines,92 Pawling
Persis,0 Elka
Cullin,3547 Ridgeway
Kerry,4680 Atwood
Ashien,01 Luster
Daffy,0747 Menomonie
Danice,8754 Bluestem
Loree,817 Schiller
Gerrie,59 Summer Ridge
Hendrick,26646 Sage
Daffy,626 Pine View
Worthington,85 Daystar
Ario,0500 Delladonna
Evvy,4 Laurel
Ricca,63799 3rd
Nerta,52 Washington
Marney,33224 Prentice
Florrie,6253 Heffernan
Evangelia,94525 Memorial
Bendick,52 Maywood
Frederic,2 Hazelcrest
Isabella,64876 Hollow Ridge
Jacqueline,43882 Carey
Peadar,9581 Pleasure
Flynn,9598 Birchwood
Umeko,9 Duke
Lydon,74 Dennis
Wynn,456 Park Meadow
Morley,4 Division
Arne,0204 Myrtle
Romeo,40 2nd
Bone,66 Lillian
Alexandro,8 Dovetail
Claudell,79 Truax
Hester,5840 Carioca
Dare,6 Fair Oaks
Vere,84380 Lakewood Gardens
Kane,80161 Anderson
Ashely,403 Maryland
Amaleta,02 Glacier Hill
Sabra,52758 Reinke
Fleming,657 Corscot
Deeyn,86109 Kinsman
Petrina,23 Petterle
Dew,8 Towne
Rosaline,31828 Corscot
Roze,3 Almo
Clifford,1524 Green
Felicity,40233 Toban
Orly,69 Autumn Leaf
Reinaldo,3 Sachs
Skipp,835 Waubesa
Lucky,09032 Sheridan
Goddart,017 Birchwood
Gabey,497 Lyons
Alejandra,9763 Little Fleur
Paddy,7524 Sunnyside
Sebastian,248 Cardinal
Sutherlan,4 Eggendart
Urban,365 Evergreen
Liam,915 Norway Maple
Ethe,51 Summer Ridge
Agosto,3 Mccormick
Erl,13403 Bartelt
Brianne,5032 Carey
Howard,19075 Myrtle
Amalee,3468 Granby
Freddy,8475 Manitowish
Jacinthe,59 Morning
Armin,2 Graceland
Leontyne,065 Colorado
Clovis,7384 Kennedy
Olav,8297 Namekagon
Kristoffer,76 Pearson
Lorita,01 American
Nicko,42884 Ridge Oak
Gilburt,0931 Center
Alister,16 Lake View
Catlin,504 Superior
Sylas,813 Spenser
Winny,463 Kennedy
Inessa,2269 Logan
Marni,275 Acker
Kele,2 Hoepker
Fonsie,74378 Clyde Gallagher
Jillane,53957 Ludington
Paco,0013 Morningstar
Sandie,3 Ridgeway
Ami,4020 Emmet
Preston,3 Lakewood Gardens
Ephraim,6698 High Crossing
Beckie,48 Hermina
Horton,44 Sachs
Erna,9 Waxwing
Janaye,4 Kensington
Faina,81 Springs
Adlai,4 Porter
Ronnie,32617 Sunfield
Erminie,66986 Gerald
Andy,3 Warner
Davidson,623 Northview
Desmond,9220 Cardinal
Cyb,3562 Rutledge
Sissie,9229 Golf
Helsa,47587 American
Rennie,3115 Hagan
Terry,81788 Transport
Auguste,098 Holy Cross
Toiboid,21 Clyde Gallagher
Hayward,0 Vermont
Tuckie,449 Fremont
Tallie,0 Saint Paul
Belicia,96799 Waxwing
Robbie,368 Kings
Jany,5070 Kings
Sela,58 Manley
Christalle,32412 Sachs
Dulci,767 Oriole
Raddy,6 Kingsford
Shurwood,8409 Norway Maple
Julienne,038 Green Ridge
Brigg,97214 Mayfield
Brandon,2 Hintze
Dolph,532 Ramsey
Hilda,033 Florence
Lewes,7579 Moland
Teresina,7876 Parkside
Marinna,4476 Bultman
Cornell,6 Gina
Erick,113 Talisman
Tessa,0699 Fair Oaks
Marika,5 Ridgeview
Hussein,4835 Jana
Devi,9414 Chinook
Berri,9 Riverside
Sharline,5 Carioca
Marla,6 Porter
Erl,40 Anderson
Cyrillus,9444 Carioca
Wat,53 Fairfield
Elenore,675 Nelson
Kathleen,39643 Nelson
Jaclin,178 Onsgard
Fernando,8439 Monterey
Lothario,9932 Parkside
Halsey,18348 Main
Dagny,81 Lerdahl
Theressa,53391 Florence
Cornelia,204 Donald
Lazare,95 Marquette
Bethanne,1 Duke
Elbertina,20 Arizona
Wilden,0875 Fallview
Stephan,7 Buhler
Arturo,683 Pennsylvania
Ephrem,9031 Monument
Cozmo,1 Stoughton
Jacenta,19 Shelley
Eward,59545 Gina
Fanchon,5 Eliot
Lesley,91 Arrowood
Orton,4095 Bunting
Leonard,5 Hansons
Marijo,95963 Huxley
Jasun,0 Ronald Regan
Hubert,6 Fisk
Delphinia,7 Rigney
Frazer,71 Eastlawn
Kerwinn,4 Walton
Brooke,316 Mccormick
Ryan,43560 Raven
Violetta,759 Kenwood
Ilsa,4081 Blaine
Dani,7914 Rigney
Elisabet,2165 Gina
Stesha,66802 Valley Edge
Jasmine,04082 Steensland
Bart,52378 Mendota
Avery,88 Mcbride
Uriel,5959 Talmadge
Kathleen,80 Alpine
Curcio,013 Fulton
Dolores,52659 Lillian
Towney,765 Tennessee
Ulrika,28952 Green Ridge
Milly,78 Pennsylvania
Manfred,13338 Elka
Ulick,04 Lakeland
Kassie,25303 Pierstorff
Gennifer,8 Sunfield
Margot,29504 Waxwing
Niall,09 Tomscot
Lorne,98089 Center
Sam,8415 Sheridan
Mathias,2 Graedel
Georgette,841 Dayton
Alfie,645 Ridgeway
Henriette,181 Bayside
Joanie,793 Main
Rochelle,13964 Pine View
Clary,923 Buhler
Deb,92783 David
Iosep,1921 Fulton
Robinetta,19327 Independence
Frannie,8 Redwing
Heath,5 Blue Bill Park
Whitby,5 Westridge
Eberhard,3590 Bunting
Leoine,36 Weeping Birch
Willdon,67692 Bartelt
Malissa,6112 Ohio
Derk,27211 Oriole
Pavia,03 Sage
Lucian,19 Arapahoe
Julia,6 2nd
Elli,3509 Monument
Anabal,75 Fordem
Drew,202 Springs
Cass,2 Chive
Halsy,33636 Hanover
Roi,45 Warbler
Dani,7334 Kinsman
Leshia,59 Division
Weidar,65804 Banding
Decca,54133 Magdeline
Maudie,94 Grim
Arni,4614 Bayside
Julie,571 Schmedeman
Bevvy,19780 International
Norry,3608 Lyons
Pen,55 Schmedeman
Elsa,20031 Melody
Renee,28 Jenna
Tandy,14 Eliot
Shani,55 Arrowood
Jeniffer,2 Ridge Oak
Gaylor,84767 Rutledge
Lincoln,0617 Dunning
Hugibert,2 Declaration
Kincaid,27485 Nova
Alysia,78589 Commercial
Aluin,743 Truax
Jerry,67 Sunbrook
Karen,85601 Express
Odele,02403 Westend
Editha,58 Eagan
Humfried,130 Morning
Burnaby,705 Redwing
Pansie,31 Bluejay
Salli,004 Tennyson
Hollyanne,5 Mayfield
Salli,4021 Merrick
Dennison,35 Pawling
Olympe,319 Reindahl
Ange,64650 Luster
Rayna,46 Sycamore
Anselm,4512 Claremont
Arri,057 Lerdahl
Maurie,97 Kedzie
Son,23789 Stone Corner
Powell,14206 Arrowood
Roman,09078 Quincy
Bron,292 Amoth
Eugen,062 Talisman
Bone,85124 Pepper Wood
Ginger,4323 Towne
Sharlene,9526 Loomis
Allys,3 Laurel
Valentine,10 Cottonwood
Quintina,62261 Roth
Waite,499 Pine View
Deanne,0 Steensland
Dewain,8 Mosinee
Merry,742 Ridgeway
Elyssa,4 Magdeline
Sunny,1 Dennis
Hollyanne,7 Little Fleur
Mahmud,671 Birchwood
Bowie,58 Carioca
Etti,311 Kim
Gabie,540 Luster
Abie,5635 Cherokee
Leonidas,04863 Nevada
Zelma,6 Ridge Oak
Quentin,61 Duke
Weston,637 Redwing
Krystal,59142 Florence
Emalia,47184 Comanche
Dix,7719 Graceland
Talyah,29264 Barby
Bartlett,23 Barnett
Carol-jean,7 Morningstar
Berkly,688 Luster
Naomi,6 Everett
Glynis,16548 Ridgeway
Vita,24 Kipling
Leonanie,61940 Ohio
Early,4 High Crossing
Wainwright,30873 Morningstar
Brigham,61 Northridge
Dorthea,9 Longview
Sutherland,9879 Summit
Sonni,5132 Scoville
Fredrick,113 Scofield
Vonny,7065 Golf
Elka,1 Forest
Jenelle,2556 Warbler
Andree,9 Glacier Hill
Ermanno,93 Judy
Lester,895 Talmadge
Clari,588 South
Natasha,07194 Bellgrove
Camilla,47463 Old Shore
Doll,69356 Stoughton
Gawain,25761 New Castle
Paulie,65 Norway Maple
Corby,500 Corben
Katee,3633 Annamark
Denny,44937 Claremont
Dorine,46692 Wayridge
Kandy,4 Eliot
Antonio,60047 Talisman
Jan,12987 Burning Wood
Adi,91 Lyons
Rae,6254 Carioca
Annabelle,73199 Erie
Heall,823 Ohio
Edouard,9326 6th
Thaine,53890 Green Ridge
Bruno,6 Clyde Gallagher
Virgilio,86339 Vera
Dorree,16 Ryan
Dehlia,2 Sycamore
Perla,6532 Arizona
Jerome,0 Sommers
Freida,5 Bay
Zandra,28 Tony
Phaidra,2 Pearson
Gretta,174 Erie
Atlanta,41218 Mesta
Karoline,7 Acker
Derek,932 Kenwood
Noah,66 Huxley
Myra,52 Golf
Davine,931 Randy
Ulla,76 Westridge
Anson,44678 Drewry
Eldon,7925 Clyde Gallagher
Isa,6 Kipling
Debor,22643 Northfield
Rolfe,15612 Warrior
Elyssa,91575 Melody
Genevra,067 Grover
Winifield,52502 Pierstorff
Dylan,31 Arapahoe
Winn,90956 Crownhardt
Agnese,4392 Bluestem
Berke,0 Harper
Charleen,19803 Tony
Janey,55 Westridge
Phoebe,23 Orin
Holly-anne,9432 Summit
Friedrick,5603 Sauthoff
Waite,50303 Messerschmidt
Woody,018 Delladonna
Pietro,8100 Holmberg
Annecorinne,0748 Fair Oaks
Brier,3 Eagle Crest
Cameron,83 Loomis
Jacquelyn,5 Ridgeview
Cazzie,8 Pepper Wood
Bella,1 Trailsway
Eleanore,1 Heffernan
Janey,7113 Merchant
Trescha,90148 Fisk
Lon,3213 Kipling
Ottilie,14223 Thierer
Haley,265 Orin
Kathryne,30967 Loftsgordon
Mallissa,7 Melby
Maudie,09052 5th
Rossy,554 7th
Nanice,94015 Merry
Lizzy,33 Garrison
Lark,09952 Warrior
Madge,08 Orin
Wells,164 Summerview
Bartholomew,82744 Green Ridge
Vickie,9 Longview
Woodrow,54536 Sundown
Jarrod,942 La Follette
Mahala,177 Kipling
Kacy,6719 Dryden
Elbert,4695 Stoughton
Alwin,8 Merrick
Bordy,477 Brickson Park
Ranice,84681 Pierstorff
Van,300 Jackson
Rorie,582 Clemons
Maressa,269 Sunfield
Hettie,111 Westport
Raf,7 Moulton
Ike,07 Pawling
Carver,4210 Maryland
Yorker,20202 Lakeland
Tomkin,52443 Sutherland
Teodorico,9511 Sloan
Tamarah,2817 Badeau
Eirena,50 West
Efrem,4 Saint Paul
Bethany,5 Farragut
Darryl,21323 South
Liz,1 Hoard
Eolande,888 Armistice
Laurette,9837 Sherman
Nannette,97 Declaration
Washington,3280 Westport
Mannie,95246 Colorado
Iseabal,4828 Steensland
Nanon,8 Sauthoff
Gregorius,40942 Golf View
Fernande,41432 Bunker Hill
Arlee,3468 Browning
Wilek,77 Farmco
Cortney,75 Hanson
Del,6928 Ryan
Hector,45256 Little Fleur
Madelin,69 Mccormick
Bradney,9 Lakeland
Ninon,087 Sloan
Lacy,135 Mcbride
Cyrus,1107 Jay
Davita,86 Ramsey
Minta,865 Boyd
Marcello,89214 Mallard
Leeann,816 Iowa
Ofelia,23788 Annamark
Tyler,0 Knutson
Kay,6870 Bluejay
Chester,16623 John Wall
Aubrey,17404 Melby
Sal,319 Sheridan
Frederigo,4 Veith
Enrique,347 American Ash
Kimberli,115 Dexter
Fair,1 8th
Norry,6 Thackeray
Doyle,9131 Esker
Vale,070 Sachs
Berny,7448 Maple Wood
Emanuele,818 Lillian
Garrik,647 Pepper Wood
Boot,45301 Dakota
Zonnya,744 Caliangt
Celie,03 High Crossing
Krystle,12 Pine View
Hogan,599 Bultman
Coral,0076 Hauk
Dahlia,81 Debra
Bernadette,08195 Kenwood
Zacherie,0 Alpine
Angy,91891 Anthes
Lorrin,2894 Donald
Corrie,3348 Dixon
April,51 Mallory
Emmy,630 Vernon
Marsh,9549 Homewood
Harlin,1736 Dayton
Pryce,28 Upham
Kristopher,8 Bunker Hill
Lelia,262 Bultman
Rochell,4466 Longview
Holden,39 Fuller
Hyacintha,2 Monument
Merrile,62 Heath
Shawna,849 Upham
Linette,2 Kennedy
Silvan,5 Muir
Bary,27 Lighthouse Bay
Suzann,3 Randy
Lefty,3 Lawn
Elle,1 Anzinger
Georgia,0677 Dexter
Roobbie,475 Nevada
Perkin,703 Jay
Archibald,0 Loeprich
Lief,22066 Eastwood
Gavin,880 Fordem
Laurene,14455 Bonner
Sky,0 7th
Adela,539 Oneill
Ernestus,08608 Del Mar
Darill,445 Ryan
Martynne,59 Pond
Kristoforo,9 Jenna
Suzanne,05 3rd
Kylie,77 Ohio
Krisha,4 Waywood
Pamelina,59999 Melrose
Sascha,6 Hauk
Sacha,272 Clyde Gallagher
Reina,505 Swallow
Antin,31948 Dunning
Rita,129 Warner
Sid,1971 Union
Shayne,55131 Fieldstone
Jada,317 Pearson
Daisy,65 Susan
Tedman,29996 Nancy
Arlin,1287 Sauthoff
Rutger,8922 Hoepker
Dar,26799 Westerfield
Giusto,8 Montana
Dorey,46069 Eliot
Hayden,61 Holmberg
Germayne,910 Maryland
Brigitta,7327 Laurel
Cal,9824 Raven
Amaleta,65363 Thierer
Kally,84 Barby
Nada,87629 Village Green
Tammy,058 Summit
Amalia,49 Mesta
Alysa,793 Fair Oaks
Gaby,2 Shasta
Korrie,478 Blue Bill Park
Dalis,2726 Graceland
Amitie,7 Arrowood
Donetta,72725 Rutledge
Lia,37 Anthes
Trudi,4687 Ridgeview
Dalenna,30 Cody
Berk,7181 Del Mar
Josh,54489 Lyons
Kayla,45 Texas
Micheil,962 Northland
Pepillo,1 Arrowood
Scot,29 Schmedeman
Laureen,47844 Fisk
Giacopo,15096 Duke
Laurella,9153 4th
Hubert,29106 Roxbury
Inez,3 Merry
Scotti,4887 8th
Mignon,143 Homewood
Lock,216 High Crossing
Alberto,24 Surrey
Darb,45 Towne
Hi,21 Alpine
Godfrey,4 Paget
Cacilia,80 Springs
Shawn,1671 Harbort
Lyman,22143 Lotheville
Nelia,9977 Acker
Kelli,2507 Farmco
Marji,26866 Pawling
Wake,259 Superior
Nevile,0559 Ryan
Darrelle,3175 Northwestern
Horatia,0930 Gerald
Britni,5 Clove
Tonye,95 Cardinal
Helga,3213 Mallory
Karel,9621 Lakewood
Kendall,8926 Lyons
Pris,55 Hollow Ridge
Gusty,548 Holy Cross
Cris,006 Esker
Loren,3264 Maple
Sheila-kathryn,18 Nobel
Therine,5345 Oriole
Melba,4412 Walton
Helsa,011 Acker
Ramon,5815 Badeau
Jerald,85241 Farmco
